,A,B,C,D
2000-01-01,0.5063890509047452,-0.27885564557874487,0.649757397784158,0.70216510838621
2000-01-02,2.0333550545485823,0.2514162549647979,0.5685745029446889,-0.06398367351303924
2000-01-03,0.8855953859643588,-1.6811960071384262,0.12266545439800469,0.2631098768181628
2000-01-04,-0.3700442929064083,0.0860045330572976,-0.25386183715118793,1.1002396946975166
2000-01-05,-1.0277653923600658,0.08775187424594301,1.5014520639146305,-0.950586494417943
2000-01-06,-0.5724030455736366,0.07213907182863263,2.5014129841523816,-0.2000596824952905
2000-01-07,-0.040229349624531396,1.0980264453546313,1.537608731674748,0.5833164034133456
2000-01-08,-0.5998118059218172,-0.27955262872875863,1.7902751389788536,-1.5062528983047818
2000-01-09,-1.6049067706514542,-1.438576992793491,2.1373780510694242,-1.3492419984505903
2000-01-10,-1.733929470384593,-2.706626437935804,3.124807835515475,-1.4797276898264164
2000-01-11,-2.0012517932121843,-2.5386288910597443,0.7177422563605869,0.22507354493088783
2000-01-12,-1.9579876948538033,-2.7343405998635117,-0.46105247841721897,-0.88505565268942
2000-01-13,-0.8008657006525262,-3.0098635587812197,-0.9532908783307892,-1.3694912444584064
2000-01-14,0.09022488699475584,-2.038461004885151,-0.7977420543005455,-0.9430523914874955
2000-01-15,-1.162223483174424,0.09374036812748399,-3.2576566589471887,-1.124332066502468
2000-01-16,-0.9618157641307867,1.0539945871898326,-3.8058718237809916,-1.2928064334476823
2000-01-17,-1.483082409538324,1.9022167737469116,-4.290202519177825,-0.9661526894691022
2000-01-18,-1.012467672252919,2.213484735915948,-3.658684604039335,-0.17394113492563157
2000-01-19,-0.07944756394760544,3.4778520201569103,-4.006032412712079,-2.483883358477662
2000-01-20,0.8906393856103527,2.065084720403222,-2.1070268068214437,-3.155747815103079
2000-01-21,1.0489007849602974,1.6419019871150657,-1.2416176011792368,-3.9556209282558483
2000-01-22,1.7138635565927887,2.729951052634405,-0.3069478568757781,-4.757326382463094
2000-01-23,1.5954827532721538,1.8677005792701835,-0.13651888802780948,-4.683731152554257
2000-01-24,0.4574975151863543,0.32675453457685966,-0.3848342921486716,-4.569382929481624
2000-01-25,0.6373382992295409,0.05416112767562298,-0.8098424038963743,-3.0797006304845054
2000-01-26,2.299953483244928,-0.7570748626458415,0.23693310448926974,-5.213649289920879
2000-01-27,2.5295707925674327,-0.45324161699043275,1.7971259828163395,-4.681821879779156
2000-01-28,3.0068972777529672,-1.4892541154992265,2.2349632393612,-3.2683618213956382
2000-01-29,3.240390673063009,-2.00027436822275,3.1791571079861543,-4.826209346557124
2000-01-30,2.534187908799078,-3.049798030570493,3.489043546492443,-3.946844393791652
2000-01-31,1.4110504768423735,-3.812515784125252,3.874459878448776,-2.7771082796334414
2000-02-01,-0.3332895520551882,-3.3074748863380554,1.8531307486687,-3.098907166559042
2000-02-02,-1.7600161101796659,-2.7858736045644603,2.7972495416963934,-3.035455285031985
2000-02-03,-0.31560724390876915,-3.3617560317336372,1.6108627329897272,-3.086256230339301
2000-02-04,-1.2915961570803476,-3.46758266174916,2.0760736824825816,-4.426239305318136
2000-02-05,-1.3400608890331436,-3.3485918062615734,3.2093277448121467,-4.02054855882926
2000-02-06,0.6132617089423347,-2.16076445985711,3.8780000139238453,-4.775662411518999
2000-02-07,2.1146097964379535,-3.5235417404829072,2.2289947703584576,-5.2744416436430965
2000-02-08,1.9193896894928593,-2.66822756221576,2.2910413158567393,-6.511838744843166
2000-02-09,2.4535147056313233,-4.680858751244523,3.420283805374435,-7.24329503309717
2000-02-10,1.7412902595989015,-2.847386017480293,3.38156557360827,-7.856803747767082
2000-02-11,0.49568247526872655,-2.2617751628325933,4.737291958908873,-8.661391965918476
2000-02-12,-0.09388757228649769,-2.754821434258071,3.702814659198661,-9.648479504450691
2000-02-13,-0.2278759320239071,-2.1400907607047523,5.537942243205558,-9.568940662807329
2000-02-14,0.415280386349975,-2.370724545891233,6.063576927061997,-9.730042437390447
2000-02-15,0.6583520240800868,-1.207407857549544,7.044919603343073,-9.903727867018041
2000-02-16,0.34071252238674704,-1.8099039558871475,6.780232107736941,-10.816626988624877
2000-02-17,0.6089950165126959,-0.9805399935678291,6.777824602286599,-12.202996830004448
2000-02-18,1.1220326687829596,-1.314126287476606,7.768512560059193,-13.57144847930802
2000-02-19,1.2617846564857056,0.631808210589007,8.684557929954828,-12.652225741537302
2000-02-20,1.568086475874697,-0.07103966462644629,9.093749672082993,-12.62923154238054
2000-02-21,2.0174698692049517,-1.9584628413064853,8.293294491065444,-13.029051834069833
2000-02-22,1.4688755867775196,-2.806478993696865,8.083041218162373,-12.338541181754744
2000-02-23,2.263443985232713,-1.9625747603265293,6.385612894242641,-12.07578362104106
2000-02-24,2.255213313107393,-1.3227428992073498,6.582237748967576,-11.362031549981264
2000-02-25,1.6217511148896553,-0.5160659065639535,7.4297260739383555,-11.462348556111584
2000-02-26,3.2957991787038416,-1.12787677656032,8.461086884442684,-11.988869990487027
2000-02-27,1.8456430741142318,-0.04852323818718918,8.67789939047293,-11.884017025786836
2000-02-28,3.446257885590463,-1.5395714854610096,9.99896184379648,-12.37703146115399
2000-02-29,5.757547379600908,-1.018210334163217,9.944300569904067,-14.590688030233572
2000-03-01,7.700645266651148,-1.562107935512891,10.830063855847396,-13.769746865623217
2000-03-02,6.560605162574403,-0.7612382538053128,11.92901069410591,-13.005723699086651
2000-03-03,4.824373373031193,-0.7713903803819071,10.852890935512027,-13.967198401799696
2000-03-04,6.000527161072372,0.0656508713600703,8.17554455482505,-13.426836031989266
2000-03-05,6.366856071617256,-0.9718128156751951,8.66272836202712,-14.123370644346732
2000-03-06,6.702345864664993,-1.325720768118896,8.240105491285775,-14.239742324698984
2000-03-07,6.3505713880374115,-0.9158750072841609,7.55018533077941,-13.286715916051264
2000-03-08,5.463248921725548,-0.06153559927335028,6.919663413336425,-13.53025480115032
2000-03-09,6.055264245298238,1.5869690938712417,7.422334366764009,-12.769021868338251
2000-03-10,5.194375560532795,0.5485281603918599,7.160603208184133,-13.74218183934588
2000-03-11,4.700363180537163,1.253286342024907,6.292202421435159,-13.542979082315325
2000-03-12,3.955755831607437,2.3848147639576465,6.264783851055737,-13.189156318362691
2000-03-13,2.6362691386413295,0.6310556576057129,5.697984954572456,-11.83856838550663
2000-03-14,1.357038906784374,1.2519229987389875,6.0511694366718585,-11.421499154779214
2000-03-15,2.578713664804563,2.051020018664949,4.962861675591579,-13.947449931690656
2000-03-16,2.218299459560125,0.7799673926892834,5.012323164394555,-13.499354210068105
2000-03-17,1.9554571719603606,1.2542402878030814,5.70447552439813,-14.680098146651234
2000-03-18,2.5215717912712385,0.5054362500005815,6.0719859284824285,-16.74154260230644
2000-03-19,3.4108067911427646,-0.3181801264560574,4.721656901713319,-16.708306859889287
2000-03-20,1.9386568762426006,0.17287795527112454,5.336584526466356,-17.34673672331868
2000-03-21,2.8297741830085426,-0.39998953987740554,6.206191744392038,-18.43689713131102
2000-03-22,3.3945855967058995,-1.41115193498221,6.261586626408428,-18.41008668237478
2000-03-23,3.085482466460964,0.0893879166159659,5.426221316674141,-18.44380738537978
2000-03-24,1.886456506065111,1.1075270729151452,4.718750337204168,-19.093685273003548
2000-03-25,3.1639614750991156,0.3282217425793964,4.328901098003863,-18.075079125392485
2000-03-26,2.8676802895776015,1.084965299390893,5.897668888551927,-17.40616461501644
2000-03-27,2.6736502462620777,0.3347401129254448,6.761985019981221,-16.728616406585754
2000-03-28,3.0833181029446357,0.3694711978469568,6.558868185568282,-16.87592366273538
2000-03-29,2.624098623564689,2.1393694398251224,8.813263363850453,-16.13034253215502
2000-03-30,2.1920071937624814,2.1926533502975953,9.345611332210579,-15.837813122518142
2000-03-31,3.1505952920019706,1.3531139321564507,10.128310554613114,-13.21918102423666
2000-04-01,4.968864332026023,0.4335926592219085,11.528625254703483,-11.77146596958559
2000-04-02,5.894993753669244,0.30209820640469687,11.837515068958897,-11.479612416853092
2000-04-03,5.117594235105397,1.6255308891221187,10.154540486587717,-11.832508030085739
2000-04-04,5.197369915910514,0.8484238752267436,10.107635675350016,-10.689160609026995
2000-04-05,6.265188725380139,0.13018168281646236,10.442738126728104,-11.539423700956469
2000-04-06,6.497054775200808,1.103385008565159,9.695831809036404,-13.293811784325255
2000-04-07,7.043707872545735,1.587515189432838,9.327310089212517,-13.053931550260511
2000-04-08,7.4153769040779585,1.146699262620543,9.469109079985978,-12.38137749738155
2000-04-09,6.503377608382246,0.4792052186105903,9.762867179014027,-11.672859438644263
2000-04-10,7.341404941432635,0.8622740780455032,9.772008522808834,-13.011478994599756
2000-04-11,6.922364896141064,0.7873042458461724,11.223033346344595,-11.855063130081513
2000-04-12,8.526047599591822,0.887429760797346,13.339778677797637,-11.562824618409165
2000-04-13,7.912025841424979,0.7140565962984436,12.528130533164019,-11.47966165984099
2000-04-14,7.378389975612935,0.2916586277050522,11.766700050170352,-10.844487314771344
2000-04-15,7.711843084657354,0.7478625613382572,13.656370314363116,-11.039428702386997
2000-04-16,8.382697698138642,0.29702729168495545,14.190733006979217,-10.275827412289347
2000-04-17,9.065142630638633,2.5271992353596575,14.846796103901974,-8.316181969799295
2000-04-18,8.700535265878724,1.285644892386062,14.549806359375825,-8.509153725040438
2000-04-19,9.072630694306225,0.3684546394076108,17.07148226759242,-7.809113299028505
2000-04-20,9.15260640721962,2.802816218370213,15.331601511773748,-7.298555041672174
2000-04-21,7.987929778907699,3.21749392696581,15.427142311406243,-7.285984156360558
2000-04-22,9.424842398799477,2.653280204992677,14.781520284646877,-7.633743977262504
2000-04-23,8.913799531421292,2.2172794576637593,15.03924868522695,-8.212704087314451
2000-04-24,9.76062491389462,2.1670956624582915,14.241126938996514,-9.062137313095011
2000-04-25,7.9857814945062575,2.0932851640467054,14.055960140896742,-8.140405680131206
2000-04-26,8.430237429386647,1.9076492994621277,13.659190746367226,-8.668769104373846
2000-04-27,8.139073257636408,1.3116908861850685,13.314286317490788,-8.951946504177986
2000-04-28,8.964704545480087,2.6684509585904927,12.286380206447882,-10.324895063137555
2000-04-29,9.110150414241838,1.3494798991881476,12.813530609602283,-10.975250455861945
2000-04-30,8.341061278949258,1.6176258647346675,13.029946852304619,-8.663834676487216
2000-05-01,9.613609346766065,1.99573698442798,13.280254934392431,-8.763444937151242
2000-05-02,9.621119011127634,2.60025243176299,11.796905599516109,-9.661916352730008
2000-05-03,9.01501084040629,2.7432522678127027,12.300439386785602,-10.64127402406271
2000-05-04,10.999277908951642,2.357534248331701,12.344151477887674,-12.612136166367382
2000-05-05,10.573409760083221,0.45295323298464263,12.672632189833955,-10.707704966485439
2000-05-06,9.460777865202447,1.2284021202112079,11.611606761061685,-10.549979381420465
2000-05-07,9.235456180248903,1.9419929092211206,9.442558087632428,-11.328210871382996
2000-05-08,8.875698070153756,1.2248001953119148,8.52863554896223,-12.618778279634483
2000-05-09,10.238880554265913,0.18886841596554937,8.490468837405217,-13.002798332942353
2000-05-10,11.05090818098662,0.38081647715342504,9.772680059734238,-13.193681395777723
2000-05-11,10.512430246388266,1.5464272775136148,11.221481212390835,-12.90295313274245
2000-05-12,11.237734592431293,-0.5684541539526169,11.108350816238582,-11.975429798405528
2000-05-13,8.986676285877675,-1.7606031123226609,9.511766424465163,-12.976417639864792
2000-05-14,7.906488859938592,-2.486001535290797,9.995932399237114,-13.926429069589636
2000-05-15,9.295033073770062,-2.795166444368,12.060219654059742,-14.820623926018936
2000-05-16,8.261082227081475,-3.0751179555130213,11.896069013673563,-13.631358108298773
2000-05-17,7.027164034109651,-2.708930273847761,11.369997847397965,-13.539153237778121
2000-05-18,6.546526397168395,-2.9807536879233907,13.747609220678278,-13.874581778396973
2000-05-19,8.722824890774087,-1.5217301507051137,14.066566236948354,-13.202488985071616
2000-05-20,7.049241936502558,-3.848248708255281,15.120229479362301,-10.977749952897348
2000-05-21,7.100283332986527,-1.3503468834393715,14.64842495683222,-11.398686439132174
2000-05-22,5.707485143923144,-2.9509950341607416,15.368455130419013,-13.889663485760394
2000-05-23,5.064473824073956,-3.613940602248567,16.593918968555734,-14.720192781546656
2000-05-24,5.402446261588887,-2.868830160149363,17.69448123905885,-17.039659866507037
2000-05-25,6.127461953965245,-2.6513204701222453,19.32458627259542,-17.293959417215007
2000-05-26,7.4270720062885225,-0.5140076861740095,20.50451117456041,-20.087123843671417
2000-05-27,5.513337575726071,-0.9905692198185896,18.938421242931366,-19.860146935778356
2000-05-28,5.630805779130248,-1.046993404736183,17.4826952048921,-20.98615042818405
2000-05-29,5.412782016822546,1.43386284417716,14.794245078982984,-20.2143679362359
2000-05-30,4.552671551683729,0.5855714789807118,14.281431629707871,-20.631385139805314
2000-05-31,3.4204571839954983,0.3042021552843994,12.999553739703252,-20.22320603654627
2000-06-01,3.3998950970214334,0.600537016723385,13.373811421561312,-20.38517325114805
2000-06-02,5.452342186930011,1.545181468970052,13.622178986704425,-20.978827769882653
2000-06-03,5.559278731606511,1.493732111217357,14.128972529858872,-19.774868845482377
2000-06-04,4.684565690045166,2.1519923483250016,14.10746871085811,-20.0247563936121
2000-06-05,4.326276925668776,2.703314318468546,14.586557408125147,-18.514613886252874
2000-06-06,4.266822000626791,3.2469595248773033,13.925602103276946,-20.022378745260426
2000-06-07,2.5409878919952646,1.9467877645310325,13.459601544735992,-20.057784786503923
2000-06-08,3.110829693097932,1.1396952360211972,14.702535105150474,-20.73861948608848
2000-06-09,3.3760791885105514,-0.9125015785133013,15.873460360213446,-19.67466654614191
2000-06-10,2.270591135825611,-0.4099513058436567,16.48910460140829,-19.27954846108839
2000-06-11,1.8751023506938989,-1.470040787656746,16.798054406708154,-20.12458782416661
2000-06-12,0.5966053655635299,-1.6314876093818729,17.347754092031757,-20.693027753555622
2000-06-13,2.5487285983956416,-2.052331891625651,18.81092380369315,-21.789766133580013
2000-06-14,0.4047390489463014,-1.15464098914485,20.04129526158737,-22.008180262125656
2000-06-15,0.6020216627733612,-1.970507436619942,20.82425388442369,-22.05594663918045
2000-06-16,0.9280195005074494,-1.3621539420435453,21.55810409007834,-21.56851171078678
2000-06-17,1.874063905590103,-0.2294735448086076,22.176613179784887,-23.97796822369481
2000-06-18,0.6737212445904761,0.2573072976398971,23.4707676186513,-23.84087442846034
2000-06-19,1.749035650001225,0.4317081614546424,23.822434129661108,-24.3210616068279
2000-06-20,1.5635532353523063,-0.7382273929512296,22.185517166391676,-24.679182429772162
2000-06-21,1.1475911629199265,-1.2718783747518383,22.278106823722254,-22.53300792718559
2000-06-22,0.07405814796433474,-1.8716963845036125,22.043147455502364,-24.724000713693616
2000-06-23,0.4726991353112267,-1.3559895943886027,20.080507087451245,-25.985559597533
2000-06-24,-0.5475822861319133,-0.6197458215840281,17.728251384580886,-26.772042090493326
2000-06-25,-0.8572509784917917,0.13781396489769648,17.244816267138305,-27.116451287709
2000-06-26,-0.3928670189712821,-1.3499630942754268,17.83959108226152,-27.437739233700437
2000-06-27,-1.3279889795753068,-2.563963853965239,18.576433329912895,-28.55287972756158
2000-06-28,-1.642072387035462,-2.2667855942274726,20.56325178823257,-28.775573174970507
2000-06-29,-1.7093926488458986,-3.254470972737239,20.056415303421854,-28.969394269505962
2000-06-30,0.7699363747318553,-3.4274451226765734,19.671998410641724,-29.416516086885203
2000-07-01,-0.29824635608150096,-4.899930833454637,19.51859117027748,-30.283634383750787
2000-07-02,1.3633085761826462,-5.243660598924082,20.437986934451633,-30.73635378248493
2000-07-03,1.346936452835549,-4.772880400318768,20.519977135250446,-28.961424098672058
2000-07-04,3.8329829734074616,-6.4250500705211655,20.54864997149394,-28.856101950566416
2000-07-05,5.6045826675017505,-6.538065800385965,20.939117165126472,-28.294635240589344
2000-07-06,4.423872579555841,-6.009482764532962,20.099523690860376,-28.838324952836842
2000-07-07,4.250330396918693,-6.228358896031489,19.180918342192886,-30.16202859334536
2000-07-08,4.868871383389434,-7.548694261766018,19.185614169432434,-30.590038010389325
2000-07-09,6.5663167877296935,-7.9490722503419935,20.871906039583028,-28.138756043648502
2000-07-10,7.137083231564197,-8.45169215831506,20.39466705289501,-29.35824671281871
2000-07-11,6.066205642683157,-6.486871859233252,19.978482766282024,-29.784245854900544
2000-07-12,5.3832575314199085,-6.7300289265320465,20.94442695551072,-30.417119868897736
2000-07-13,5.7913415900113066,-7.3925118456992305,20.849488532816853,-29.19545687386183
2000-07-14,5.736130798403056,-7.471511279239702,18.565381924029918,-28.896829458097397
2000-07-15,7.340643730544697,-8.261205316349853,16.64393238833916,-28.425858782180484
2000-07-16,7.95817035725103,-9.291622641370116,18.114604019146036,-28.133794242410275
2000-07-17,7.518221745653276,-9.474028687590076,18.42905319647896,-26.522077405815757
2000-07-18,8.41437444486537,-9.060653936753672,18.297368129297904,-26.628759174485356
2000-07-19,8.705528650710258,-9.986285767568132,17.330402721874542,-27.016284635431404
2000-07-20,6.951149995569116,-11.51788418124468,18.606667996369783,-27.1947404870903
2000-07-21,6.030385243636102,-10.685718133215104,20.149288590111958,-28.23172889675598
2000-07-22,5.260513431484766,-10.04986314019622,19.52689246729821,-27.54956758655362
2000-07-23,6.013372900214813,-7.417268958605707,19.08997848554311,-27.1338967211005
2000-07-24,4.164744770342676,-8.012613710476968,18.677158805796136,-26.654330144350347
2000-07-25,3.4423459192932624,-6.919225127246355,16.470547627582047,-25.928344135219156
2000-07-26,2.8520223850914146,-6.18111758506691,16.069908501815373,-26.789629809679713
2000-07-27,1.970323126699352,-4.445298030542507,15.847026564285647,-26.38286040839544
2000-07-28,3.2441681822309,-3.835773872227345,14.69316962078924,-26.213447986050962
2000-07-29,2.9523833340834025,-3.4629938788382137,12.720983043825056,-26.29186994241624
2000-07-30,2.981950248289605,-3.7359801816203677,11.189266663354413,-24.43823420864401
2000-07-31,2.648726266429851,-6.1091897678538825,9.709620680405155,-24.563457279786643
2000-08-01,3.83625738014468,-6.2976846944266205,9.677973154111776,-24.636112952644037
2000-08-02,3.3075304236070893,-5.425588384287574,9.78336091143391,-23.23696170870093
2000-08-03,3.2924102862698303,-6.047945853859091,8.902702451800009,-23.34203777401555
2000-08-04,3.8498530533075255,-7.8265255241293685,9.827605749956474,-22.37251490448114
2000-08-05,3.900519426150853,-9.076414610681166,8.310878646055661,-21.136493012639068
2000-08-06,2.942060284459011,-9.650478622438094,7.666335584708275,-20.0281390391271
2000-08-07,0.563369919052326,-11.116173873223962,8.496040912013356,-20.209404017922754
2000-08-08,2.4572342932620663,-9.462038906760885,9.33653686845318,-19.896363680185164
2000-08-09,1.9581202490533454,-11.455677367971564,9.121167674810637,-19.4436562828772
2000-08-10,4.095763039301926,-12.144137406996894,9.004467944704516,-17.67889588690456
2000-08-11,2.3458754219629556,-14.06967644641254,9.266253166598597,-17.982674537098376
2000-08-12,1.3421936904380927,-14.076905458119633,8.779904305627081,-18.556528927774963
2000-08-13,0.583871097527385,-15.65953912473238,8.029823380521902,-18.02026310346185
2000-08-14,4.628325820357584,-15.603015464619864,7.8776125379692665,-18.11866728643399
2000-08-15,3.139254289203377,-13.826966129178945,8.413942376342769,-18.033327293346368
2000-08-16,3.1022701027495336,-13.391173958557916,10.141517925350982,-16.925873622711322
2000-08-17,3.4550100963295862,-15.601727827595159,9.427983478282908,-15.476603301281484
2000-08-18,4.185598329691599,-17.60579301922859,9.935595545671484,-15.447986358885787
2000-08-19,5.117687990585409,-18.850963611866437,9.448024905851575,-15.949503451907551
2000-08-20,5.652397081422913,-18.573008243389324,8.159531578369693,-18.036801189812074
2000-08-21,4.371714906419341,-18.9364447920852,10.692394123256149,-18.053620897414948
2000-08-22,4.967394950753132,-17.109040541206948,10.84789201856667,-17.5498882126398
2000-08-23,6.019729311014469,-17.592508477860946,12.893679375451686,-18.012219396816985
2000-08-24,7.623802234549075,-17.001965621076874,13.07314531217831,-17.593676104903732
2000-08-25,6.809753866348556,-16.145721789497852,13.369809586874625,-19.94794593203214
2000-08-26,8.262401833824917,-16.416363033252093,14.242773968058865,-20.68990897162548
2000-08-27,6.566151364275579,-16.599073610869098,13.780600208429453,-20.01981573914694
2000-08-28,7.446218394031383,-15.91090356262232,14.241311110222822,-20.65267829606814
2000-08-29,5.737432731238879,-14.333615126126148,15.821103638217592,-19.888964460444566
2000-08-30,5.00815787419116,-13.029845299547523,17.13898392929403,-19.626425676583377
2000-08-31,5.44673023122502,-12.657827024001048,15.548452756574555,-19.073856157167995
2000-09-01,7.598862405864299,-11.937974091745371,15.651188385636791,-18.33598146327468
2000-09-02,5.734473954272615,-11.577356150506088,15.299563135298685,-18.811873956188737
2000-09-03,5.520224994838609,-9.612026357618568,15.093130777145069,-19.53814718690151
2000-09-04,5.0556665641977325,-10.19364144334659,14.941576182582152,-20.360572559831375
2000-09-05,5.156025855459426,-11.297731219897086,14.42890693842661,-20.821644524764306
2000-09-06,7.170416993238176,-11.340486548130208,14.492198370674183,-20.089115556838934
2000-09-07,5.337472444577822,-10.359616476161898,15.358753460723355,-21.095224317928068
2000-09-08,5.1805239380882755,-11.462727487032375,15.35290320910433,-20.22999490653849
2000-09-09,4.903040284518251,-12.803497003098444,16.35503993476898,-20.856457220503096
2000-09-10,6.106729099445785,-11.738855865820161,14.734105244996215,-20.031201907347704
2000-09-11,5.33675197794225,-12.28439217673082,14.474830588668596,-21.148269960905736
2000-09-12,5.68806617892822,-12.754971220988057,13.32940960899002,-21.566060124818552
2000-09-13,4.142938442857489,-11.627547613106177,14.126915407157368,-21.71336868122154
2000-09-14,3.277802304489819,-11.268736771281398,15.31717712140183,-20.944668307495288
2000-09-15,3.9826968565450755,-10.573320691075496,16.895133151223956,-21.537509061449153
2000-09-16,4.264979894981045,-9.23550247260694,16.82008978411252,-22.117917224989288
2000-09-17,4.2272811266134465,-9.518432514060223,16.545610201967616,-21.55829542668444
2000-09-18,4.4802981552494945,-9.541640150238237,17.457094689226412,-23.966198215244923
2000-09-19,3.4987002244589154,-9.65643104774158,19.362726625041653,-22.882007916967712
2000-09-20,5.30624898507318,-9.942278648562453,18.673220761900836,-21.941399797197935
2000-09-21,6.065500276072136,-10.295007250383808,18.387536759304975,-20.19135163863138
2000-09-22,6.278554912720225,-8.697841691842328,19.798933335152082,-19.007982211660323
2000-09-23,6.884246734730307,-8.73860035009544,20.79546769331413,-18.779879384164808
2000-09-24,7.358680248518961,-8.622636230773349,20.761398683249976,-18.214150190148494
2000-09-25,6.892062862409204,-9.779699130624326,20.72652556323543,-18.176841220994607
2000-09-26,6.949905650511497,-9.115287061790275,20.59236061282602,-17.78292554490898
2000-09-27,7.3781839140852,-7.707097091760939,21.768001180218373,-18.730816424154007
2000-09-28,8.285070364259173,-9.17096681122067,22.27920279348389,-19.623741508145567
2000-09-29,8.008001628221002,-7.574829831782642,22.24499421342324,-20.09942472331945
2000-09-30,7.132945253914403,-7.972351579591909,19.912037443828886,-19.99592353728327
2000-10-01,6.4908505958521765,-7.974031828748995,18.378515802802546,-22.890594266782372
2000-10-02,6.745459094008918,-8.520170246884291,16.622903757808505,-21.982636537523593
2000-10-03,6.644450330737335,-7.542289632474199,14.553751193151603,-22.080510281028413
2000-10-04,7.654385767182678,-6.659750168391287,14.856648505981397,-22.590379264501244
2000-10-05,6.861009687337482,-5.801718039617479,15.515529350667688,-22.53084065821254
2000-10-06,8.551618060587787,-4.426932113280838,13.919309582076687,-21.61604059908663
2000-10-07,7.862870342949965,-4.554219803250889,12.780540734760308,-24.71964640961154
2000-10-08,6.644130216220819,-4.135746223679996,13.540545208318317,-23.659084617893672
2000-10-09,8.35322027374592,-3.881409173992179,13.060188074633945,-24.33950701299592
2000-10-10,8.062835693060398,-2.255192662729862,12.852282857010945,-24.008636668765757
2000-10-11,7.634823259792356,-1.2904476078141403,13.341738011050266,-21.399895642177707
2000-10-12,7.725220395904634,-0.6133733801874922,12.695780318849426,-21.302003915777338
2000-10-13,6.810249492641424,-0.14652583949757958,13.154599770964976,-20.940293496334593
2000-10-14,8.114544012296637,-1.5299734939828609,14.65552413085277,-20.39927665576727
2000-10-15,7.600351835779173,-2.4011135543946196,17.410797554063254,-20.15002992659653
2000-10-16,9.37011273167232,-1.5522399852399928,17.21395199167246,-20.25622634460346
2000-10-17,8.289383060891502,-0.23833916800185695,18.993282620603175,-19.188046022967153
2000-10-18,10.027614365430955,0.4963712788138215,18.466243751682555,-20.55361578716459
2000-10-19,8.71182764432439,-0.3934655457201608,18.263593412817094,-20.571218211280343
2000-10-20,7.7411456289367235,-0.45477816826583367,18.310965721537904,-19.312011725880453
2000-10-21,7.28999975251162,-2.5951068382835594,20.104077976027543,-17.526015595056347
2000-10-22,8.214432543573782,-0.013308168863293446,20.193036620027822,-19.39752327333801
2000-10-23,8.248527395088237,0.12341229417829722,21.35291001493092,-20.62313615939534
2000-10-24,7.740402481051187,0.9605713701042589,21.742589811566614,-21.616410451069562
2000-10-25,6.79100888648983,1.9113016334160957,22.63706162219305,-19.843417843990533
2000-10-26,7.001865084270526,0.9942769476769026,24.587521806145435,-18.55565123878319
2000-10-27,7.949626865231262,-0.2910132112402418,24.639316970695916,-17.068158249672987
2000-10-28,8.138165990533548,0.5476733597254887,24.236996780443835,-17.172867266191492
2000-10-29,8.027330579898688,1.8524889849993853,24.589315074764997,-18.38819869859392
2000-10-30,5.925557606529397,0.8290461745210456,23.84683672423174,-18.940309602522696
2000-10-31,6.6692894304333885,-0.09495886458446767,23.10796750125901,-16.838530987233508
2000-11-01,6.265481552839243,0.1053112041716939,22.676326977647076,-15.923832705315412
2000-11-02,6.526663154345751,0.4442319614632869,24.492760633637694,-15.0536127100209
2000-11-03,6.96627559029224,0.21942688810242422,23.095716100990145,-16.787075532196315
2000-11-04,4.93266930597972,0.8350011156601302,22.511815480661664,-16.87431163083275
2000-11-05,6.113141056048168,-0.4245336389327583,23.93963214984603,-16.518142189116254
2000-11-06,6.7460809585756065,-1.627211851790207,25.534913401363383,-16.328097789986888
2000-11-07,8.039369670295965,-1.1399411953710195,26.736217879845313,-15.883679401373533
2000-11-08,8.3670655265413,0.14236274084042666,25.44986586530995,-14.131707540377516
2000-11-09,8.255806355920193,-0.944563644974739,24.278992810858522,-13.810890146925976
2000-11-10,8.378378610045592,-0.7441508932075054,24.45410500092917,-15.330170593712566
2000-11-11,9.201057243428775,-1.5753502508312591,21.96484377858655,-14.54487485561488
2000-11-12,8.449721550481545,-2.7716846122605703,22.15481489612344,-15.237617546929618
2000-11-13,8.737072909685168,-2.925419320883589,21.363153012011463,-16.108848958784506
2000-11-14,9.933509345084826,-3.8586416993145543,21.35110933868269,-16.408587311935733
2000-11-15,11.75465362507358,-4.585790652539998,20.414557248203195,-16.993811591172935
2000-11-16,10.818173266043669,-3.5549110638366006,20.02889681261271,-17.188723916972236
2000-11-17,10.56531569959048,-4.474005454788569,18.84155783708907,-17.751676895979518
2000-11-18,9.4542332477207,-5.25816695020561,17.909254443071145,-19.065812213575406
2000-11-19,8.895247848475957,-5.312412732313446,18.514689105793714,-19.64389731926599
2000-11-20,8.903530847592034,-4.7591042405747706,19.224664091528027,-21.16295579375427
2000-11-21,8.05922700896477,-5.8458827340821955,19.697674096973262,-21.407484862757403
2000-11-22,7.970726027311988,-6.165513833933748,19.571385742260407,-21.270069547916606
2000-11-23,7.092826923812264,-7.692688548557264,20.710844275363765,-22.504467904222444
2000-11-24,8.397606248266262,-9.733612045196084,18.41986373007572,-23.71115574290744
2000-11-25,9.613576564249012,-9.634245751670548,19.464675132121435,-23.27853972864414
2000-11-26,8.416374476564918,-10.71753916383134,18.107387557543806,-23.756353781777225
2000-11-27,9.58513343573198,-9.961864311966243,18.917970412650973,-25.31592749278107
2000-11-28,10.842483127035946,-10.448920398499741,18.783950396360247,-25.760108202128343
2000-11-29,10.47806491214378,-9.700023049007577,18.804518021186496,-24.448161517255535
2000-11-30,11.390433286838567,-9.191557007834321,19.643435684455138,-25.674304825765812
2000-12-01,10.751325283644922,-9.659856846655416,19.37727407148096,-25.379620712342373
2000-12-02,10.11456335276338,-9.044298555082332,19.101013188768185,-25.676928679901078
2000-12-03,9.602118268327574,-8.105566179090026,21.417319564592194,-23.470160371568337
2000-12-04,7.975975791416636,-8.626096588669675,23.130566378871475,-22.325958689819316
2000-12-05,7.333285774754764,-8.5273331844578,22.531901822347756,-22.500529005750334
2000-12-06,6.616970750467184,-8.923509131517047,20.778625420447046,-22.842289383768776
2000-12-07,6.114430538987989,-7.989208951641487,19.540332361784877,-23.3089006540135
2000-12-08,5.541650608311425,-7.871079091648755,18.905070322012744,-21.01828616415899
2000-12-09,6.149454991936722,-7.170982998318519,19.682409823735927,-21.36398500008755
2000-12-10,7.8042385738869235,-8.33013505571681,20.025036537273067,-20.991663812214647
2000-12-11,9.262910285725225,-7.649363452778192,19.6472634300724,-20.13731873190605
2000-12-12,7.983502614566196,-6.947489167288889,18.753088341869166,-19.491675733666877
2000-12-13,8.274673068292604,-8.369224607765481,19.172111091750725,-18.759261431395288
2000-12-14,8.316133333399788,-9.683261182845644,20.81460364241401,-17.692386529824745
2000-12-15,6.69402100721232,-10.04778511576525,20.06182920308794,-15.781751109872143
2000-12-16,9.112514520744034,-9.507003698335575,20.558527828657304,-15.634227349076308
2000-12-17,7.716740342736867,-9.049209859409217,20.094622949612337,-14.803920472027098
2000-12-18,8.274033331957478,-9.630931709035321,19.830718314615417,-13.180998175847106
2000-12-19,8.502287692358621,-8.891307427720566,18.386674350277737,-13.574728207997538
2000-12-20,5.962982538789123,-9.168649802557368,17.48172345720201,-13.747434149256554
2000-12-21,6.232450087092578,-8.566514494728079,18.099406377898514,-14.674564048004887
2000-12-22,6.159472424528838,-7.954927852523802,17.327455845742932,-17.309885074930815
2000-12-23,5.646581216933989,-7.64437500788918,17.703728654686227,-16.841133718813502
2000-12-24,3.9279520653841664,-5.560359980448191,18.874093128791024,-16.628767766504367
2000-12-25,3.734078436094924,-5.911909865309684,18.45890025601711,-17.443809137757544
2000-12-26,2.9814107923097435,-6.821014442267985,17.70795278295845,-19.129310874943286
2000-12-27,1.6227805735000407,-6.050514572525155,16.752228128307713,-16.975915248600938
2000-12-28,3.0384861982974494,-4.71520185131098,16.917522330765056,-16.06087843173372
2000-12-29,2.835075008294485,-5.152146046162109,16.360125525738873,-15.743661659136094
2000-12-30,3.1590651631540063,-5.260095789583147,15.872726933197077,-15.736563796729662
2000-12-31,3.4146129805570573,-5.926454817286937,18.019056739324572,-14.436282368608284
2001-01-01,3.716411710137764,-5.131484038652912,19.056896232546254,-15.052513931877412
2001-01-02,3.220739818967429,-4.84248173144879,19.65760012359117,-15.441318466455643
2001-01-03,3.9969269829051743,-4.7039359506549285,18.465384951643806,-15.360956461425848
2001-01-04,2.6094241760300836,-4.115288859347894,17.318106125899874,-14.690781690486707
2001-01-05,2.350650474992141,-5.556441151384655,17.852649729929556,-14.876782315690866
2001-01-06,0.9515360745037469,-5.210836658164449,18.563041924389157,-16.184522398322308
2001-01-07,0.48123256157173433,-4.239413769598094,19.039918571904977,-17.398910230960382
2001-01-08,0.589313548192708,-5.947272152796955,19.54653016103579,-17.10170389482543
2001-01-09,0.7021231451879704,-6.618630413598238,18.033366070403805,-16.1482930376904
2001-01-10,0.7703820015989447,-4.738823170136506,15.088048917290836,-16.789406789844506
2001-01-11,0.8510201880062254,-4.908369334630845,15.136639134295363,-18.503654401245747
2001-01-12,2.526288602924884,-3.3520989312465046,13.058383864444531,-18.88118490488377
2001-01-13,2.10620334164483,-3.656954918058801,12.488460338631704,-17.074953385229687
2001-01-14,1.9866879550950802,-4.842652735023702,13.12389699717821,-14.556719619473498
2001-01-15,1.76922512704541,-5.165097851831493,13.295544235931652,-14.61051252532909
2001-01-16,1.15772961851332,-5.125803004982508,15.299733647745509,-15.024581239687446
2001-01-17,2.984798082379406,-6.562578985516821,16.50362355604293,-14.548876507212341
2001-01-18,3.5763179057583034,-6.181899312186873,16.921059523654353,-16.33744948525007
2001-01-19,4.476269737268719,-6.3616666505414265,15.78916586228019,-15.806610229804797
2001-01-20,3.107892275703738,-5.369000540298341,16.43463975442492,-15.470209488700307
2001-01-21,4.6279694003407235,-4.489864959103742,16.188396252876473,-14.916753094940029
2001-01-22,3.0362293238557356,-5.9519398363571465,14.892755300011792,-16.817070329631875
2001-01-23,2.3431826573685224,-6.902148699303445,15.891898262662957,-17.150076655260925
2001-01-24,2.3722963320839465,-7.028095567557525,16.184671711969422,-16.373295956743984
2001-01-25,2.851628996457558,-7.607680573673813,16.306377995418977,-17.249603617739574
2001-01-26,5.279994233637952,-7.692264514525229,16.728725323645946,-18.24894254301796
2001-01-27,5.456859939899287,-6.626546034304027,15.941750821551247,-19.69581268908822
2001-01-28,6.515175133276157,-6.781863240648766,16.806623380049288,-19.128677315721866
2001-01-29,7.6302626337023405,-6.826395080872904,15.369789496846911,-19.42732486251505
2001-01-30,7.025123337163153,-7.275571877262276,15.603923087192696,-18.529495018458693
2001-01-31,7.954580322218826,-5.745493823978296,16.131308196260957,-18.379587041567245
2001-02-01,8.123995246396444,-6.289187924224421,16.646964126446434,-16.904717221398833
2001-02-02,7.734349378857517,-6.513042650227508,16.55952302909975,-17.568463049353536
2001-02-03,9.13490054596625,-7.418065562586407,15.17623081739382,-20.135008358396348
2001-02-04,9.165729400719798,-5.231372888852521,13.532564893525965,-20.942688636404576
2001-02-05,7.841828473986304,-4.819101819479012,12.794450368346768,-22.592484358244416
2001-02-06,7.618202390672713,-5.046087773745855,13.20627358534851,-21.352919581932497
2001-02-07,6.423471054720164,-4.4074808659197116,14.5090748613552,-22.356072299615516
2001-02-08,5.866350717894158,-5.103536591686508,15.954940421440101,-23.411169112812715
2001-02-09,4.727026696531748,-5.02432588596503,14.091308446339857,-22.11941983927652
2001-02-10,5.704814210219556,-4.205904572306109,15.206285050380561,-21.974921750306972
2001-02-11,6.289563567261942,-3.171797040341212,14.236804276806478,-22.12542258912267
2001-02-12,6.319477259958367,-2.403499905954745,13.25179228939247,-23.25306563339774
2001-02-13,6.966916117029204,-1.2931325757915342,14.316054195070777,-22.237096967258612
2001-02-14,5.361936478114776,-2.898931210159894,13.67643192589869,-22.95227356712357
2001-02-15,4.66131212193436,-1.1568020807733472,12.719239119545168,-24.50007164579038
2001-02-16,4.835147923468985,-0.49289479136593206,11.482465539520838,-24.320688138455687
2001-02-17,5.241959912903296,-1.8973431957393496,11.593923641327498,-23.89181743938632
2001-02-18,6.0128999350777015,-1.0351469240789481,11.035510503000049,-25.219683819682565
2001-02-19,3.6675061867199146,-0.35663104136573287,11.581690759786085,-25.303009015880995
2001-02-20,2.322224414953559,0.22051551205582953,11.50315488250504,-25.974614883133704
2001-02-21,3.774967150062592,1.2830734671409108,11.477456363121204,-26.99245270578107
2001-02-22,4.0516080257713085,0.1651251129981759,12.167086460965685,-28.359365703679707
2001-02-23,3.380779898300107,0.6864247909445039,10.883823835183035,-29.39399807793313
2001-02-24,3.0706771441490064,-0.5572005109620294,12.11210942627234,-29.23007319334151
2001-02-25,2.330910052333868,-1.3391822922523162,13.218675080233226,-28.92500343417967
2001-02-26,3.5233607987664612,-0.8259704475430357,10.208840580874153,-27.424499913460746
2001-02-27,2.766933423218237,-1.0606889893410454,10.570728013462396,-28.455623696945974
2001-02-28,4.007089733436777,-0.8108819770417831,10.575296121503168,-28.49064009949366
2001-03-01,5.52271129676264,-2.3942725607115496,11.593062989057556,-27.726756615133578
2001-03-02,7.702022393611225,-3.3424765909800818,10.71633160905645,-28.21457231887594
2001-03-03,6.798834835173991,-2.663063030795676,11.2819779876959,-27.434602241909268
2001-03-04,5.597175405103499,-3.811499611371783,9.437614433616437,-26.981689575911957
2001-03-05,4.928041083614242,-2.4047566267659333,9.51350498471152,-26.181460990680375
2001-03-06,5.67913307977731,-1.1500851562946093,8.725708205614291,-27.46054726220892
2001-03-07,4.640421983040909,0.08461693354580913,9.646374107959327,-27.025936114783555
2001-03-08,3.7984360823598315,-2.453304704896318,9.072447183012429,-27.984033764623934
2001-03-09,2.1509731719423826,0.1587949606056016,9.067890026045164,-27.864054937497155
2001-03-10,2.7588162900785687,2.088244094100533,8.312338534055085,-27.90330954399037
2001-03-11,2.5038270251705113,1.6571157342788405,8.184547475765168,-28.86593474013936
2001-03-12,2.5012673486451322,3.735359024159898,8.79569210113962,-27.562916408747107
2001-03-13,2.0764594257535496,5.314456533883859,9.408194844633611,-29.312168773398323
2001-03-14,1.9133052810561921,5.622493829949297,11.44548025992391,-29.18028783751284
2001-03-15,3.9372843784299114,4.336922983644152,11.613151069725586,-29.537006255425116
2001-03-16,1.6464964094975545,3.9778134912262164,10.367415136693854,-30.451932690816676
2001-03-17,0.91465410405074,2.4348232524173508,9.108415792538857,-30.203053224992274
2001-03-18,1.3208138183402371,2.3614468276886744,10.73256047218839,-29.191603571283135
2001-03-19,1.3899740828115466,3.828402015919921,10.551875545553662,-28.10815820402572
2001-03-20,1.0204193295003634,2.31181797209838,10.875707834796566,-26.05872883766547
2001-03-21,1.9261513153695091,2.328073159588841,11.37169576578833,-24.311282640133893
2001-03-22,2.600857724890621,1.621848407946982,10.534046654739283,-25.90724606949042
2001-03-23,3.8283934701746087,1.7451539049320868,10.223930831421457,-25.2090409892145
2001-03-24,4.325186730491389,3.115060798411534,10.406369865037322,-25.10888820217278
2001-03-25,2.500096592139153,3.905472372970248,10.37208243102452,-25.796638098092988
2001-03-26,2.4868336361370553,4.062506097614086,10.098462428138197,-24.081142347505367
2001-03-27,3.408829264688844,2.2159123027531633,10.29898446465788,-25.635769057124367
2001-03-28,3.072126792840432,1.9835364748192184,9.867994301147561,-25.85345723562544
2001-03-29,2.8159427029184005,2.4948966730069104,11.426658140072739,-27.08828774150595
2001-03-30,1.9883003309673786,3.3007923613906707,12.086601856342783,-27.855904666522314
2001-03-31,2.7898124625346474,5.260691004514921,12.843063539372807,-28.52690629915081
2001-04-01,1.0270245157743454,5.092443661318136,12.047923281628549,-28.19871930510946
2001-04-02,1.2113048488474396,4.220943687098661,12.453777206124578,-28.489638651609564
2001-04-03,0.5819323553213797,4.719304349536497,12.875502328912534,-28.872415089687426
2001-04-04,0.8016392408205124,3.656434174265098,15.946011737683353,-29.342450716003068
2001-04-05,0.0732323369579343,4.830691279017689,15.467834665866999,-28.206760984007932
2001-04-06,1.2019993727217004,5.955744983835525,14.139832237332406,-27.886036576176846
2001-04-07,0.8706537035707806,6.7860386975991,14.030634137985539,-30.485945218887352
2001-04-08,-0.7398734040699981,5.444979823721445,15.27924200107395,-31.764631371076213
2001-04-09,-1.4217703011496419,6.122784895283036,15.407488777132132,-31.317016619317872
2001-04-10,-0.5235169436619049,7.076663795810805,13.086144525561178,-30.842718659206483
2001-04-11,-0.3221810223847634,7.03594255415679,12.00548856773196,-31.959833439159752
2001-04-12,-0.4163417865190981,7.229317855170953,14.714433246823175,-32.62029823616374
2001-04-13,-2.5167768372106156,7.955687006794938,15.884247497084438,-31.90218794890948
2001-04-14,-4.02478113464997,7.438726313942544,16.556570593685915,-32.35366661603443
2001-04-15,-4.3249299273987285,6.5265217996016816,16.309617879216535,-33.05824604947395
2001-04-16,-3.4956859606683013,4.094366938433872,16.423776641912685,-33.87090412872604
2001-04-17,-3.77768824100325,4.556080904598375,17.00413930710212,-34.14838472369039
2001-04-18,-3.8081581147654453,3.934279487457218,16.99229627637376,-36.34012614110307
2001-04-19,-6.337668609119971,3.2098657429410515,17.20483594593781,-36.824557011843
2001-04-20,-6.249204362862118,4.191892397819664,16.95887528979758,-36.085551603305554
2001-04-21,-6.041541575526938,2.381245711356903,15.648137899646468,-36.348660827791356
2001-04-22,-6.090221802036292,3.2563002044453904,16.227914017043215,-35.85565715106382
2001-04-23,-6.3481175841852275,4.337095895642221,16.270624135994378,-37.28960341238216
2001-04-24,-6.193491181337248,3.990426661424447,16.17920735143919,-38.84571430853247
2001-04-25,-5.061470937510766,3.6227899494386757,16.41766577881303,-38.70418748028682
2001-04-26,-5.84766223998389,3.2372758277712523,15.458445640678908,-38.77623288095639
2001-04-27,-4.914700116738039,2.439379161108952,16.259533044961774,-38.307763427455185
2001-04-28,-5.598793571692447,3.101905242840245,15.821806514303933,-39.190438724827324
2001-04-29,-4.905581440351187,3.877035823851168,15.40973371402614,-39.64981364077495
2001-04-30,-3.5268409350160006,3.1450065333418946,16.299424223968476,-38.917960333685365
2001-05-01,-3.6884390466844175,2.456735067309597,17.789026165946762,-39.13689033616614
2001-05-02,-1.7838024928102114,3.7127202974342834,18.14031178172892,-38.851757620286406
2001-05-03,-2.6268354487021583,2.913602198642623,19.198896555396487,-38.616234926333746
2001-05-04,-2.6507385191040234,1.7411592722432476,18.745975873117235,-38.226777027826486
2001-05-05,-3.8354265919058728,2.8018749708769257,18.49850891003643,-36.78039787494996
2001-05-06,-3.9745107329635574,2.749374485340635,16.909967980753443,-36.4022834985263
2001-05-07,-4.134765717311838,2.096929967525264,16.87024546776807,-36.400423346181974
2001-05-08,-4.149840529314829,0.6339318216626255,16.46735415702954,-38.44193395342289
2001-05-09,-3.339535483652715,1.5482984064147591,17.244869727807185,-36.59617117623401
2001-05-10,-2.7485920053135597,0.9163721836023699,16.255162225859173,-38.926197153801326
2001-05-11,-3.0189300482169195,-0.7898949989709791,16.494885131094154,-39.37902658868622
2001-05-12,-2.4546615834742784,-0.5004690946900732,16.80933446832679,-40.561962598385904
2001-05-13,-1.789612216475459,-3.427481999904015,16.926667805133185,-40.68475637235406
2001-05-14,-1.5260333054096946,-2.947900357808567,16.38455418037061,-40.668932393444514
2001-05-15,-1.7195773087701658,-2.710426738983671,15.346321678513352,-38.95332015536281
2001-05-16,-2.827633002013471,-2.187122691331274,15.566559401330906,-38.88774002037979
2001-05-17,-1.3765800819677294,-2.0443729768292367,17.28077529477394,-38.035854959377446
2001-05-18,0.13117801733566758,-2.872259871714605,16.91306491016068,-36.990560284408524
2001-05-19,0.47560115290322286,-2.274579482137006,17.88519563565813,-38.55353198439783
2001-05-20,1.4224661730523986,-2.0288640401865887,16.80794798900407,-37.86346678220664
2001-05-21,2.3888326029261764,-2.4259344597725248,17.627503595275748,-38.13273985200999
2001-05-22,0.4322214376428295,-2.4687445850150795,15.446705310882837,-37.58655198460946
2001-05-23,-0.5995789118222803,-1.3722508370929825,16.869096551898988,-36.80038220945487
2001-05-24,-1.0391079723943981,-1.0112404223692906,15.574160958523374,-36.523356855659614
2001-05-25,0.43461048554346093,0.8580081671092255,13.74799494212444,-36.117598932715175
2001-05-26,0.5144456259033735,0.6339136354787257,13.533619277671546,-37.10436917203672
2001-05-27,0.6203789442478836,1.6433727625955425,11.970610757643769,-36.01840431227682
2001-05-28,1.3872092097405164,1.6428195563894128,10.23664035879737,-36.11484219659777
2001-05-29,1.0929360368713215,1.102778231660622,10.276116507446199,-36.06836984774258
2001-05-30,-0.022643627358462037,1.7539485503553922,11.812744580549674,-34.754629428774955
2001-05-31,1.200992039834051,2.7423937030747547,14.327849304541603,-35.21554191494862
2001-06-01,0.9368697231711562,3.4250041871783887,14.327115539063206,-36.09999756756333
2001-06-02,1.6194324812205072,3.9202143301055816,13.176031806180546,-36.677258343369346
2001-06-03,2.029590744270096,3.8542851314724604,13.54215250725733,-38.04734824035864
2001-06-04,1.7174130111102008,2.75912233374088,14.031223808999556,-39.562183790973116
2001-06-05,3.488356650421138,1.684501635391462,15.599354189697475,-41.26198676147103
2001-06-06,2.6681290203729535,2.444135674303375,18.863782811822343,-42.28492242602485
2001-06-07,2.203133956754485,2.6323673604855933,17.928216802874225,-42.4147277408547
2001-06-08,2.585864113856085,2.3374603109477863,18.044321606980255,-42.6595799809014
2001-06-09,0.9336391512035689,2.0419448156334794,16.889768434095426,-42.888023534997046
2001-06-10,2.9104339043848277,2.9649352600308347,14.702376250406664,-42.62036879054976
2001-06-11,3.485482425855717,2.508163784793896,12.046676499596096,-42.53776689346999
2001-06-12,3.057653783474029,1.289597884502129,12.244317583607833,-42.09642580597748
2001-06-13,2.8873687514599515,0.5642955052715279,13.783677980371646,-42.45785216370158
2001-06-14,1.6768008420924534,-0.24002793368700537,14.271125878214843,-43.55836716972059
2001-06-15,2.0879040601992407,-1.561100556234352,16.23153724988855,-43.81132995651576
2001-06-16,0.657899223219921,-1.6812035605083266,14.929409142518736,-43.2312208439788
2001-06-17,0.7910155222092623,-0.6254124338429126,13.966985991573248,-43.393980414455676
2001-06-18,0.01472791809456997,-3.130916953498873,12.986547218432582,-42.69783076788166
2001-06-19,-0.05341707125745121,-2.9384823789462406,11.544873380740658,-43.50895639794108
2001-06-20,1.0350152132041326,-3.292796981513877,13.503159749286395,-42.37458862501348
2001-06-21,1.6771864950071573,-2.883839393125991,13.25292800529718,-39.59496235974343
2001-06-22,2.643497298688832,-2.375360226290263,15.175801760761429,-40.38971881398465
2001-06-23,1.603565063075759,-2.356097157873423,14.958276119561203,-39.307782417772
2001-06-24,1.2519155202563685,-4.340918228704433,13.984604076087898,-39.73984676947783
2001-06-25,0.01882024831787743,-2.7492008095035194,16.091760156368096,-39.6631790088711
2001-06-26,0.04003111309063974,-2.3892686650768984,15.48116119687391,-40.20830495473709
2001-06-27,-0.0329566856464248,-3.1405606485653643,15.432362289795037,-39.04124445024882
2001-06-28,0.7027216567320089,-3.9657771049274286,15.468983731464792,-39.70966185296432
2001-06-29,1.898055946828323,-4.368553504792113,16.32419336824713,-39.21682054365547
2001-06-30,1.5821505907083373,-2.340301976078178,15.199764561892687,-37.312332589986475
2001-07-01,0.4575734653892469,-1.3537648229562986,16.326341804157384,-36.60983640963707
2001-07-02,-0.04417435607391518,-0.9513362318167493,14.718545786113353,-35.604283185488335
2001-07-03,0.0589213250783816,-0.8913328544738285,14.471567481995296,-33.740927665034
2001-07-04,-1.344763838538294,-0.5171439557077318,13.367011571166016,-33.32790302230727
2001-07-05,-3.3900553872028505,-0.8561144491411343,14.13186025248209,-33.735454032670994
2001-07-06,-4.860844949718221,-0.03264564233104528,13.346823400099993,-33.641180379160254
2001-07-07,-5.799871615544502,1.1740069706381222,13.824711624733013,-32.55916502676653
2001-07-08,-5.755531493095595,3.0749667048617515,13.095180631377431,-33.782279510781834
2001-07-09,-5.288667190436979,1.824218601165779,12.416730876893526,-33.5015125529649
2001-07-10,-5.35118313250226,1.5521672251446081,14.631112359086888,-32.993880150787895
2001-07-11,-5.127474359009547,0.7322854576401945,15.08164292776142,-32.06591864547076
2001-07-12,-4.584185587968966,0.9796127333831308,13.715107083957536,-31.291142056778174
2001-07-13,-3.76543606391122,0.776520997468656,13.90308494992987,-32.09627132941415
2001-07-14,-3.992934965365574,1.7188741062694608,15.156328238364921,-31.163063223425105
2001-07-15,-4.503481869550846,1.7749149320098376,14.159893778638226,-30.71043671436676
2001-07-16,-5.453275154020517,1.849257005182245,15.577638339610893,-28.497899509726288
2001-07-17,-6.204207419670908,2.30403447717241,15.427215839441264,-29.723518656274518
2001-07-18,-6.500066823616006,2.4399447098452915,17.39473484159115,-29.329332412397306
2001-07-19,-6.682215608655924,1.9801467231371805,16.36854351285218,-30.85740471561604
2001-07-20,-7.458955180312899,2.098350155437454,16.03853757234219,-30.171134568474955
2001-07-21,-5.790437983668011,-0.525446899021552,16.47324922639504,-29.379598475954793
2001-07-22,-4.663731746238542,1.0498753231100972,16.462789039424592,-28.568756903505825
2001-07-23,-5.80150922055054,0.2046502602059731,18.283396717991316,-27.32017862648671
2001-07-24,-5.955087556965702,0.14364562133324982,17.955524056602925,-27.284799453647057
2001-07-25,-5.7611383202091995,0.7640648155340273,18.913802469006917,-26.826972322908045
2001-07-26,-5.718389256095796,0.7510307965891921,18.87807792185633,-26.709198849195396
2001-07-27,-6.0212721766403385,0.9268806373277051,19.077946294112635,-25.418194134331728
2001-07-28,-7.065196636428407,1.0667950599453382,18.537191450287498,-25.21347667739317
2001-07-29,-5.842832983718376,1.0952582776395139,18.70730736376696,-23.129877369248167
2001-07-30,-7.3339054649945306,2.1760146521696395,17.335041040914852,-24.43104454725946
2001-07-31,-7.466771190904838,1.9933573116162506,14.77348255644391,-24.379394522798236
2001-08-01,-8.705700999651114,2.148219864040836,16.121246035579635,-24.27537714639182
2001-08-02,-8.061773420662767,4.072302627818455,17.100478889873056,-24.39913685886944
2001-08-03,-9.51369798765104,5.189440068584814,16.409348875673025,-24.33214141688512
2001-08-04,-9.60736078243437,5.592216574847905,16.200442602858306,-24.220221856012735
2001-08-05,-9.316720422150926,6.105470925706118,15.70874495376639,-24.596620397321935
2001-08-06,-10.010374568084496,5.403902085541998,14.82873457614921,-25.126329463573736
2001-08-07,-8.893930591858707,6.706137464347342,15.700042611384205,-25.39928135133662
2001-08-08,-11.306916405554066,5.76191988776415,15.776712639206107,-25.466374489108986
2001-08-09,-8.751347857961912,5.403204104744228,16.464114073273937,-25.2150222280183
2001-08-10,-9.107212993851332,5.936265885410154,16.648583345965523,-26.416999349200243
2001-08-11,-10.407506813350738,4.5126631490858795,17.10078656999651,-25.799451049424764
2001-08-12,-12.658583761737631,3.957671528857845,16.874003860612138,-25.608882347169697
2001-08-13,-11.990742490712549,2.339106029437083,17.609540740538613,-26.59380552176795
2001-08-14,-12.504750058420177,2.1785486721225547,16.879541267425214,-27.794742580429343
2001-08-15,-11.387386593568174,2.9270939812172427,17.36121646480609,-26.63042645496873
2001-08-16,-11.791356351672277,2.7234897394071056,18.395755875308108,-27.3559166650224
2001-08-17,-11.587717712632363,1.3658944071389953,18.149427055291717,-25.791228154662022
2001-08-18,-14.018400498333857,-0.5518326070151345,15.022100355487524,-25.923686619107034
2001-08-19,-15.310743844141232,-1.2677690481159178,14.476779961393467,-26.41539410028812
2001-08-20,-14.766099613634694,-0.6248889089554773,13.69683275092963,-26.96912602266712
2001-08-21,-14.376738146751762,0.385414100149193,13.562676131519765,-27.26496735162752
2001-08-22,-15.680307004238307,-0.05895415780359259,12.118777340286629,-25.264435469405562
2001-08-23,-15.155335719982082,1.7786941279169415,11.435585674791918,-25.970904639155993
2001-08-24,-14.132490517860322,0.6674932146407886,9.83529564899276,-26.13736395054091
2001-08-25,-13.305053807761746,0.5807894712640215,10.170991840327389,-26.750898582673003
2001-08-26,-13.513298933966828,-1.1304640757798152,9.989837808473867,-27.627132184119322
2001-08-27,-12.409738249247452,-0.9805362999703203,9.53733108312698,-25.859761275035904
2001-08-28,-13.635511423327413,-1.081500146818264,9.960502053047929,-25.257596265666326
2001-08-29,-13.609298193592071,-1.3805807967175723,8.967136443879266,-26.720511989307784
2001-08-30,-13.89690604948753,-0.7323071504334694,8.973286100170291,-25.235880510435837
2001-08-31,-14.176881027107564,0.2713384494062877,8.541788893813303,-24.88383423570436
2001-09-01,-12.741241947808428,-0.9811710490001054,10.488097559292871,-25.932586822008588
2001-09-02,-13.131953332540158,-1.636949683981816,10.629418131699271,-25.46333452670173
2001-09-03,-12.456255368634904,-2.6542595622387033,11.225434970422082,-25.810029983254573
2001-09-04,-11.71112982835258,-3.498615886383758,12.034037788714626,-26.354832758084342
2001-09-05,-13.09082151465672,-4.0880972822196044,11.835270238860717,-25.69210085317954
2001-09-06,-13.510204301934056,-4.2704624997954985,11.3246913638047,-25.784871554894277
2001-09-07,-14.427453093490689,-2.926263805706564,10.695718316923507,-25.0223311189442
2001-09-08,-14.489481277561014,-2.8851304005524763,12.832876973935706,-23.38926432855639
2001-09-09,-14.268715099186435,-3.350317091847641,11.568945262378335,-22.33946301703855
2001-09-10,-13.7940135183534,-3.4683859118016485,12.321359966537576,-22.56687365258855
2001-09-11,-14.213338176048307,-3.955288912891204,10.91855488576069,-24.127281970105734
2001-09-12,-13.499633543101021,-4.121302666275585,10.940248868494583,-24.704446045751588
2001-09-13,-11.271894677141928,-4.093985343363474,12.342431492897344,-23.07563446938518
2001-09-14,-10.74682774549993,-4.6811827100689625,11.901836277355205,-21.312314618456217
2001-09-15,-9.543086357600266,-4.572278610950494,11.832716579692798,-20.999305907500094
2001-09-16,-10.58573443084644,-3.24000518535776,12.398784933834216,-21.21295982515928
2001-09-17,-9.493393193739092,-2.7071298051169235,13.472814640407297,-22.52837452078332
2001-09-18,-9.601892120214085,-2.9672245900276177,13.910366462741829,-22.314247111915247
2001-09-19,-8.783148981404294,-3.4969418726059347,14.204064004748545,-22.545136544765676
2001-09-20,-10.55794698053405,-3.59735360993897,15.061407775071933,-23.595022446256202
2001-09-21,-9.435349190962494,-3.9484394659810786,15.668734127050236,-24.767665097915973
2001-09-22,-7.020677043645405,-4.122777980530889,15.831305135885724,-24.91572378557184
2001-09-23,-6.504391360013889,-4.063924585896522,16.481169768293192,-27.28262772930885
2001-09-24,-7.2302399940027176,-3.14062742146878,14.730192375658529,-28.034756439744193
2001-09-25,-7.138488095538748,-2.060868128117658,14.346966966730388,-29.35862963422838
2001-09-26,-9.309053177047536,-1.865350942419986,14.04451305094846,-27.269077612015415
2001-09-27,-9.974388629499412,-1.5239191928992772,15.565153974397363,-26.722218429337786
2001-09-28,-9.330007806622806,-0.7184447802381301,14.664828926042617,-26.892322944164356
2001-09-29,-9.700007146053398,-0.5766103360013312,16.314094998935023,-28.360894492612534
2001-09-30,-8.621170371295632,0.2713316084679722,15.719098643691787,-27.619378735785848
2001-10-01,-9.575266909999753,1.418704231690917,15.667526197445751,-27.42159347439309
2001-10-02,-9.79051514105881,2.091008523243269,16.16134508964883,-27.12073958161014
2001-10-03,-9.54914267612326,3.0841383528677517,16.294124667120645,-25.726947654857664
2001-10-04,-8.055084060315671,3.7378692738056176,15.637517080573263,-26.237486079778698
2001-10-05,-8.017526633973453,2.766532932674532,14.356370281842933,-27.885314983377647
2001-10-06,-9.292060020289801,2.699315893916991,13.022597595836537,-27.27132467685922
2001-10-07,-9.33444227940264,2.6669603207041814,14.026885851425266,-28.59740840106125
2001-10-08,-10.605310447612544,0.36257493893033654,14.690521869444064,-28.886848540416747
2001-10-09,-12.307240431270486,0.10333847635464671,15.227090041071516,-27.824280845286445
2001-10-10,-13.53985891734886,0.8039168281482969,15.350721925419343,-28.321467685961455
2001-10-11,-13.869027244200355,-0.6172146901266427,14.863487637648747,-28.37633319568475
2001-10-12,-13.182758964658081,-2.201294466795953,13.800830761754746,-27.93247045034783
2001-10-13,-12.56766102182746,-2.5646595791227664,14.426529721290132,-27.09787215754987
2001-10-14,-12.872487178721201,-3.53952263221224,12.398455351250245,-25.703038656778673
2001-10-15,-13.723292684942969,-4.984110025863317,12.223322265583809,-27.808946521250913
2001-10-16,-14.08764082666298,-4.773775077538185,13.710582011959923,-27.968767108655342
2001-10-17,-13.987443317381278,-3.193993917561834,13.442570735592716,-27.330393712196376
2001-10-18,-13.107269027257932,-3.1954442404023733,12.643812335103524,-26.503494460613414
2001-10-19,-15.34851091989997,-2.8621678707847202,12.91984878308658,-26.855640471110135
2001-10-20,-16.567305807667903,-2.949249380602647,9.54114656567544,-27.518628680334107
2001-10-21,-17.00825872880659,-4.487511346019851,9.174439699330662,-25.349187464951214
2001-10-22,-18.210845200335452,-4.4750377476110526,10.074938551773926,-26.329457963834574
2001-10-23,-18.84492132778095,-6.12365174140031,10.34824095812027,-27.375968292571972
2001-10-24,-19.808333472595503,-6.394063176862748,11.20251208441778,-28.682827112366706
2001-10-25,-20.383858333726664,-5.351204745180029,10.771729217018622,-29.970789253436422
2001-10-26,-22.781526008201283,-7.132741322815032,12.796848689608163,-29.74865919319067
2001-10-27,-22.146850935352013,-7.191857619862001,13.087017944845016,-29.755488618665176
2001-10-28,-23.555416136632385,-6.569639230404864,13.488739105367113,-30.574871752336737
2001-10-29,-24.537344452655496,-5.969244245265775,13.336599067199483,-32.08209202495412
2001-10-30,-25.58935585137893,-4.4382875841824205,12.68628725056923,-30.68796395398106
2001-10-31,-24.107060195605907,-3.257667698423155,11.730857595498025,-30.641205687241627
2001-11-01,-25.7012537413645,-4.046697078174386,12.25362290879801,-30.93048971902209
2001-11-02,-25.214150698188178,-4.142624145053265,12.609244443578561,-30.904019594741527
2001-11-03,-24.409296147652743,-3.236943003076585,12.627529629694214,-31.288708498097133
2001-11-04,-24.93636963081848,-2.2415298429113735,11.553074651510249,-32.27793613836869
2001-11-05,-24.978819208956473,-2.3690798107058777,10.514216538920511,-30.86773350604524
2001-11-06,-25.604910154059926,-3.6030219544367075,9.48013360513015,-30.657271255834214
2001-11-07,-24.21375453811041,-2.209646216208556,9.185098681569162,-31.69935802151068
2001-11-08,-24.34026200905916,-3.023589463039199,8.956409966284866,-32.07697299014769
2001-11-09,-25.394483684561216,-3.366427105628085,8.865013517799369,-31.19174273978651
2001-11-10,-23.653058192869366,-4.736894118699967,9.485852506997267,-32.682874849833446
2001-11-11,-23.559076396171747,-4.508967726767745,9.072784569805428,-32.97646644113447
2001-11-12,-23.6574723582869,-4.232355049812964,9.270558538601975,-32.87911417246429
2001-11-13,-22.383855210127468,-4.749056765819151,10.33489897873751,-31.959068849069304
2001-11-14,-23.305886879330025,-5.825727543252677,7.813912513764713,-32.14026994625688
2001-11-15,-21.3203359549225,-4.47134296959181,10.923412546188338,-31.94621490691662
2001-11-16,-21.34283397707765,-5.8383703926939905,10.763673934065695,-31.81221838088499
2001-11-17,-19.93629011179295,-5.367385085735879,10.462261034892943,-31.64401300174517
2001-11-18,-21.346874043262336,-4.063581765650232,10.084399871424624,-31.732623149917423
2001-11-19,-22.1692325455021,-5.040816673052867,11.631748532424604,-32.80097273021317
2001-11-20,-22.284565262505406,-3.9358842097642044,12.06412826207485,-32.47020402098292
2001-11-21,-22.576069472886218,-4.127202882666169,11.634521389771823,-31.737013288650303
2001-11-22,-23.138030498361676,-3.1098755419672552,10.757549699678252,-31.496911817306074
2001-11-23,-22.268126061320604,-4.016446281806284,11.319097720680025,-31.512772532348876
2001-11-24,-21.82415423056917,-4.262238498621996,10.251819370455559,-29.635283739304917
2001-11-25,-20.529022809855732,-4.209663189014198,10.759814748753595,-28.405346067481403
2001-11-26,-19.949497977066383,-5.561295329338741,11.223721200499316,-27.98164740743114
2001-11-27,-19.925915032323115,-5.91979135126805,9.301395979481049,-28.648130293582582
2001-11-28,-19.776569010577518,-5.0297849717699865,8.978099711858144,-27.93765296412339
2001-11-29,-17.403034472024533,-3.4439742474324655,8.198642720165989,-28.69320965926975
2001-11-30,-17.500001064465543,-5.221305498852742,9.13276955368824,-27.214459970107015
2001-12-01,-18.061286271922633,-3.80055660343631,10.125549319494665,-27.04192483440913
2001-12-02,-18.39864708134779,-4.2743283800194085,9.800148716868339,-26.246805269739568
2001-12-03,-16.648224833631897,-4.782412921472513,10.695340196040839,-27.489264692835953
2001-12-04,-16.223820717486067,-3.6515268751689414,9.269406354367003,-26.898544586508397
2001-12-05,-16.23294898021388,-2.924930668795488,6.873755202909759,-26.33836339118211
2001-12-06,-16.33216093693407,-3.30771164790313,5.052386241228681,-26.611755710053053
2001-12-07,-16.651149957917262,-3.0893501195603563,4.2108753529716045,-25.978135123996243
2001-12-08,-17.66876846888688,-4.255224280934631,3.8107615647987836,-25.132530450965813
2001-12-09,-17.622559206225098,-4.411092341750793,3.5108321437354957,-25.069818101505124
2001-12-10,-17.13141456163391,-5.140843787183675,5.037767151829044,-26.05849800835052
2001-12-11,-17.054341921407175,-6.046224362830602,4.268392589756822,-25.033752377837825
2001-12-12,-17.94252244320156,-6.010365022232192,3.8333037717089455,-24.771114337136837
2001-12-13,-18.289247909760483,-7.544033919781168,2.8891041951018344,-24.27066276042826
2001-12-14,-18.441423926987955,-6.573074772662187,1.8001781157641044,-24.086317933723706
2001-12-15,-17.137530908905465,-6.5954850889686485,2.4501156780683853,-24.730753303850662
2001-12-16,-17.959736898499106,-6.439238827239171,0.7368613916114093,-24.564588898002537
2001-12-17,-17.168001538836897,-6.902656195038186,0.7576889084477915,-22.989291405498058
2001-12-18,-16.25761219180415,-5.847290431746583,0.17544417020296532,-22.736565710566097
2001-12-19,-15.857384375000237,-7.686206376602604,-0.49764245404660334,-21.791678947476246
2001-12-20,-15.569648107826442,-8.050592956122145,-0.3252832781284266,-19.853685738208853
2001-12-21,-15.624849660423845,-8.04655430051345,-0.5761013361004141,-19.782342291149863
2001-12-22,-17.141017049612586,-7.852101947918363,-1.1562642343941856,-19.72336088000413
2001-12-23,-17.25110206321588,-8.489646077322515,-2.4876169125426735,-18.137129755783153
2001-12-24,-16.434437896950126,-9.368503197266323,-1.881066702414609,-17.463939579140167
2001-12-25,-18.60660129494069,-7.639375582986729,-3.0606491428549027,-18.515689936921053
2001-12-26,-17.70856580780522,-8.65708778787333,-2.4091993160625034,-19.046213474187162
2001-12-27,-16.702018283796193,-9.610573589321593,-1.5102472800213258,-17.263617204886092
2001-12-28,-17.394849198301042,-7.9615100202301345,-0.5826597757775703,-16.195908652939117
2001-12-29,-18.64578413783632,-7.388006800052882,-1.9984114847388752,-16.033392162093406
2001-12-30,-18.239124247761595,-6.94737656405541,-1.3999387847984677,-17.227118772807344
2001-12-31,-18.38234376973622,-6.265857682482409,-3.74516261568521,-17.471241724763328
2002-01-01,-19.983782414802757,-6.324271996288383,-4.76489954152347,-17.284382314570443
2002-01-02,-19.083727068746807,-4.836842586346365,-4.448190752179312,-16.900915207827918
2002-01-03,-20.798418564480922,-4.147885992533699,-2.923609352410061,-18.221959603914915
2002-01-04,-21.790116670649258,-4.794703810367899,-3.859469366505154,-20.762877259128842
2002-01-05,-20.53204307005142,-3.8772462568134065,-4.634651643545838,-19.642624114043414
2002-01-06,-20.856501653668996,-3.8344553884233767,-3.2502614147989,-19.739276816911943
2002-01-07,-20.529406814149095,-4.34911858261653,-3.619479604633278,-19.853579886968397
2002-01-08,-20.16664075759856,-4.722909419853312,-5.528577750868973,-20.34874727577062
2002-01-09,-21.020685928682617,-5.2016869502187095,-6.683136015811826,-21.05307966896271
2002-01-10,-22.138859980447148,-6.077067959983912,-8.093287961484412,-21.04602060292302
2002-01-11,-21.036255748960567,-6.986731153185363,-8.250852288499614,-21.385179743589774
2002-01-12,-22.578081697036566,-6.566293052945142,-8.450737860153824,-18.533976264823057
2002-01-13,-23.50788727839649,-5.806640463877224,-9.272600828353976,-19.030634188786866
2002-01-14,-23.048912774249924,-4.065085907106442,-9.033414710873203,-17.331393667730904
2002-01-15,-24.060024353102914,-4.372382362504081,-8.576695486459327,-18.135330768926845
2002-01-16,-24.828298766319026,-4.733517757954518,-8.278267815572079,-19.30987549477414
2002-01-17,-26.537861939065436,-5.808563655654461,-8.293491821057613,-18.11345263957452
2002-01-18,-27.562463034880512,-7.883558241868464,-8.892933912855497,-18.85330304901414
2002-01-19,-28.640830882247382,-9.143920824996059,-7.45101267286828,-20.418275723959777
2002-01-20,-28.757778740585536,-8.777387694708043,-7.883440241914674,-19.828852116934044
2002-01-21,-28.32756531717111,-9.071620699426733,-6.086929706519542,-20.519528609925356
2002-01-22,-28.848321596255488,-9.576655276430884,-7.335744778229122,-21.88312755835263
2002-01-23,-28.316349603611677,-9.914770616468084,-8.360663909757196,-20.199456081610276
2002-01-24,-28.61826809778217,-10.890612080201137,-9.396661141244374,-19.100385159360876
2002-01-25,-28.75547107425351,-9.484212552065227,-9.26570929286891,-21.17242325093522
2002-01-26,-27.677931069043943,-7.693620718619892,-9.462973958459813,-20.101638042558058
2002-01-27,-25.6706596577401,-6.690853617059721,-8.667656111598603,-20.30238320375013
2002-01-28,-25.295552424008736,-6.793180623265717,-10.544853595759045,-20.99683702391028
2002-01-29,-26.874087627491043,-4.932700136157638,-11.253248324238262,-20.76180989920774
2002-01-30,-26.915705751807593,-6.587922596607388,-11.859292096900205,-20.376275674396087
2002-01-31,-27.896469040410665,-7.950438680462559,-10.574880397632123,-20.27271638275846
2002-02-01,-27.410564672242835,-8.487503865155166,-8.342225977880098,-20.0249972642049
2002-02-02,-27.304543542853878,-8.732100946753937,-8.996452797540412,-18.153998646028022
2002-02-03,-26.849384074403073,-11.173823404071133,-9.566138132317912,-16.881404468177934
2002-02-04,-28.826771763138666,-12.104126272271122,-8.616654774707337,-17.37183980685143
2002-02-05,-30.418498869458222,-10.29188134965636,-8.088456918795874,-18.175106233576248
2002-02-06,-29.49539166827805,-10.118875482665867,-7.014318303613594,-17.977857450348104
2002-02-07,-31.25473907460868,-9.879645009336238,-6.731237145895095,-17.03472941728882
2002-02-08,-30.018430168887434,-9.011041276256933,-8.078562889563035,-14.882010746954153
2002-02-09,-27.761429840152367,-7.818130598687789,-9.341706620751223,-13.337150148048117
2002-02-10,-26.747525393783288,-6.861149197054678,-9.572252161753116,-12.908986074089382
2002-02-11,-26.239496609748077,-7.200566630755162,-8.910739875767359,-13.367643643623785
2002-02-12,-25.23761951179908,-7.097768289384747,-8.505524599684938,-12.086216370818573
2002-02-13,-24.52893028839988,-8.295677263960982,-9.79714077444312,-11.91393766756156
2002-02-14,-24.400232073183684,-7.043368964513585,-7.872439055164362,-12.73337009087152
2002-02-15,-25.998245832110292,-5.830514435973862,-9.504865040593387,-11.16212504598627
2002-02-16,-26.1982132051008,-2.868314755576114,-10.151810122434942,-12.00066393312493
2002-02-17,-26.532350198165634,-2.860396119829153,-10.489725278223602,-12.398508653358208
2002-02-18,-26.19580750740974,-3.962377831700006,-10.728543976309295,-11.78161143230067
2002-02-19,-25.956967345433608,-2.40654752620192,-9.950062711376319,-11.93758711989783
2002-02-20,-27.072511602498682,-1.4405003029003856,-10.102348037806035,-11.75106350135586
2002-02-21,-28.34024639403784,0.02955053738558977,-11.664195708135928,-11.77906270726551
2002-02-22,-28.136390973501438,-1.6758388010290535,-11.251993670933409,-11.740763577233118
2002-02-23,-27.519123758145444,-3.702705856053749,-10.32003629343869,-11.888756622004502
2002-02-24,-25.91509406080275,-1.7407678016959753,-8.657599930297625,-11.985106053176404
2002-02-25,-24.17858169814641,-0.27817677017933384,-9.117035396572742,-11.655398848161074
2002-02-26,-22.120425831291193,-1.3266307383156737,-10.086276996161205,-10.139361016235918
2002-02-27,-20.75729474315621,-0.3245108082172352,-11.439500077520199,-10.758113278819444
2002-02-28,-19.387889754812864,0.6015676637673211,-11.791461697740306,-9.872883464279168
2002-03-01,-19.441629077053275,-0.38087677613636917,-11.115889418583395,-10.881147865695223
2002-03-02,-19.165535175777173,0.2572795642278718,-8.712749712989684,-10.224495952256984
2002-03-03,-19.351236836389784,-0.9733191762186313,-9.336377826092491,-9.737995932654098
2002-03-04,-18.901618960402377,-0.13829581008119918,-9.552952120310048,-10.11919198299805
2002-03-05,-19.203251805084566,0.20694422254022932,-11.08107552742161,-8.078580645630158
2002-03-06,-19.406591717174898,-0.5063212031597824,-12.536912417652793,-8.279515256519321
2002-03-07,-19.25556200552925,0.24201834520037013,-13.19084627868426,-8.001411227747587
2002-03-08,-17.9417654794362,1.6197693680377843,-13.49453755116756,-8.143935374992866
2002-03-09,-17.248714835675973,1.2782534073448024,-13.134285287135155,-7.222465065949837
2002-03-10,-16.803539202987345,2.610234480307951,-12.686594103485257,-6.9208672763667405
2002-03-11,-18.278297193326917,4.399603311472363,-11.947986201515949,-7.113472029910058
2002-03-12,-17.464011206886795,6.049820524425903,-12.099386262107807,-6.748529616711148
2002-03-13,-17.203425854108556,6.5105614403432766,-11.145509293726343,-6.339055469368912
2002-03-14,-18.41775962646265,6.024832588696406,-10.173304688984693,-6.757019335707821
2002-03-15,-19.496434266485736,5.658119822966433,-9.37471808751379,-7.655776075544448
2002-03-16,-18.938248406031846,6.121647282599553,-7.834162525560227,-8.838117291177955
2002-03-17,-19.12979579744641,7.195488948731676,-8.258760953239102,-11.043897556706932
2002-03-18,-19.6431988260416,5.763315941329988,-6.478892050785255,-11.411575338947394
2002-03-19,-18.965782259798072,4.767212836294897,-5.4806237531113835,-10.58034669151871
2002-03-20,-18.866745180221507,4.178686526506474,-6.225335395405387,-11.156378587762664
2002-03-21,-19.337143542904883,3.68327855086787,-7.3501996810408645,-13.377936445985329
2002-03-22,-21.10489814829381,3.7758657702052023,-5.486099703652714,-13.500414639579034
2002-03-23,-23.04659480610314,4.066992641158695,-3.4830705572294605,-13.389018274670455
2002-03-24,-25.77620508557814,4.887548530348732,-3.0378812173966914,-12.308466624682808
2002-03-25,-25.483933675257173,4.449449211806163,-3.335788951419553,-13.086182588769901
2002-03-26,-25.212741342090133,5.298607736590588,-3.2876013282269088,-13.017122277957286
2002-03-27,-25.595658972417617,4.476014392868667,-2.7041527244637655,-14.846192146397012
2002-03-28,-24.80766141400256,5.007737680222195,-2.4887505636405822,-14.898217099315417
2002-03-29,-23.852563907129852,7.2494231667394455,-2.9931837542001034,-14.749771716856646
2002-03-30,-23.03477756935508,6.073553538841159,-4.278173433284177,-13.537534528778549
2002-03-31,-24.224708158536604,5.960235063494863,-5.068037868211182,-13.97875962340515
2002-04-01,-24.418188454274404,4.261702974432032,-4.874407671096709,-13.205359613934746
2002-04-02,-25.033441516696477,5.013100108199835,-4.8844293102160705,-13.450039403498685
2002-04-03,-23.690685480371915,7.017767367504247,-3.278499159688674,-15.827599492825653
2002-04-04,-23.82863741600698,5.4330245726222826,-2.7075060841826692,-15.363051133374999
2002-04-05,-25.332614666034313,5.726221687550651,-4.708361132656411,-15.820863251356155
2002-04-06,-26.991720322663397,7.34033170904457,-5.458826629778693,-16.722435405076823
2002-04-07,-27.579018636352608,6.576387857015219,-4.912765892752244,-17.30975308822131
2002-04-08,-28.45600670862442,5.803938024427423,-5.535252422836164,-14.595804944619623
2002-04-09,-27.909694339034772,4.727831419223347,-3.397059899259591,-15.462472682610082
2002-04-10,-28.337514902812206,5.448626516086617,-1.9196093362851183,-13.563001848886419
2002-04-11,-29.897357817028034,5.723703430693952,-2.6233856686551844,-13.420525922728158
2002-04-12,-30.414873193729917,5.697527645591612,-1.1796085058205432,-14.501788526317943
2002-04-13,-31.272875937099258,2.926043037043584,-2.8783867987619036,-12.884625062557921
2002-04-14,-31.954664029045265,2.9079727335363117,-2.533749993997213,-13.915347546903094
2002-04-15,-31.59186109215811,2.9542422830384516,-0.8019086053892088,-13.378873198887757
2002-04-16,-31.488031763493776,3.7727153556092157,-2.433688815240497,-14.28688518815864
2002-04-17,-29.84843315585247,3.3116726814584183,0.2578228463459271,-13.687572703907097
2002-04-18,-30.310300747225764,2.5538288126890643,0.3787489536656992,-13.770518301806222
2002-04-19,-30.069198627679352,1.5346626917157746,-0.09249877797358763,-12.436477585350946
2002-04-20,-29.781534232337652,0.6679718564937721,-0.7467897097726242,-10.75322472208962
2002-04-21,-28.93665108745144,1.8013757728414017,-2.061932700339204,-11.161809897860152
2002-04-22,-28.722029103061843,2.463324226269269,-0.9530533055839701,-10.412715208886897
2002-04-23,-29.70789446654427,2.5571566119930895,-1.9857429171557393,-10.113614402319596
2002-04-24,-28.96172481037255,2.7406863169523836,-3.079423132016553,-10.078532871644379
2002-04-25,-30.206194126604508,2.755953647315633,-3.830054621921453,-9.398058129603664
2002-04-26,-30.438487187034998,3.504118657797842,-4.032526047537293,-10.34803882350858
2002-04-27,-31.21674813092186,5.0319250203066455,-5.4738913514057685,-10.445693487428047
2002-04-28,-30.899071953337184,5.738931778078174,-5.563628581712363,-9.419324744008053
2002-04-29,-30.318891698672918,5.569767225859072,-5.317751820142732,-9.902394343174247
2002-04-30,-28.824657591347,6.240239397477932,-4.9747496114032295,-10.353504010846303
2002-05-01,-29.31328856716973,5.5363540738876384,-3.5926491730082044,-8.995657360962097
2002-05-02,-29.089317612912065,5.533558768740243,-2.8596186910586514,-8.727160905233708
2002-05-03,-27.380156698588657,6.78834422812232,-3.8583942703223744,-8.242135575489986
2002-05-04,-26.95398896437329,4.018963213106797,-2.147628151812732,-9.92750832088117
2002-05-05,-29.09719930882818,4.576069097531923,-1.6340389964157693,-10.192213889657502
2002-05-06,-28.15446229052102,3.458956067974559,-1.1757395498699772,-8.720447852061442
2002-05-07,-29.54417296724235,4.412251222173801,-1.1934202593769472,-9.365522077702996
2002-05-08,-29.68969789153724,4.848240792094954,-1.3853640601998505,-10.300831724493852
2002-05-09,-31.20896800965968,5.034595699303525,-1.9696385258535165,-10.698885615406535
2002-05-10,-30.657002621720498,8.05515302255666,-3.1356200034893944,-12.967625611153347
2002-05-11,-31.163997039685277,7.571010301870081,-2.1488273623171437,-13.030818712512891
2002-05-12,-31.757367981030132,7.09304946750953,-1.0533838357890217,-12.524995401535762
2002-05-13,-32.07502035078168,8.17614436704087,-1.4448816481079139,-12.83916934859482
2002-05-14,-32.81362040582857,6.864230093152726,-1.0634630168025319,-12.304020167541731
2002-05-15,-34.26639008831961,5.269041069016936,-2.664191086036694,-14.113690651799125
2002-05-16,-33.8519992350874,5.003847806893418,-3.0317057450224074,-14.681059540550212
2002-05-17,-34.3452795443345,3.7126004146071585,-3.300964848125471,-13.739884440130751
2002-05-18,-33.79673283344562,3.5958572308443393,-3.6091584733639004,-12.923005718205369
2002-05-19,-35.22352516416322,2.7731944278123115,-3.590574020957719,-13.065937725216012
2002-05-20,-34.687395422317266,2.1046120009771223,-2.9011327548657055,-15.152309654587036
2002-05-21,-34.65770998450444,2.601225452174431,-2.806553683325624,-15.939806528107116
2002-05-22,-34.25863328159301,3.04848880050751,-1.4041332242723936,-16.363422606717663
2002-05-23,-34.282117802155426,3.0835385687280312,-0.6019163665638418,-16.685310068946045
2002-05-24,-34.22874929533498,2.648639509815032,-0.8864181973627332,-17.898520889951392
2002-05-25,-33.234637132362295,3.41231196916715,0.05891800525995128,-18.063317330190127
2002-05-26,-32.11600785317997,1.828695228163646,0.8369121548987719,-17.529713431832757
2002-05-27,-30.75040478128419,2.703265565812512,-0.9060775485872679,-18.349255739869122
2002-05-28,-30.345150070907106,1.2666857711462958,-1.233458750077332,-19.443579240557053
2002-05-29,-30.07722147110728,-0.1644641345551754,-2.0661725035711025,-18.912102032716998
2002-05-30,-31.080188717952304,0.9108549024394961,-4.112596503116251,-18.741787022209795
2002-05-31,-31.665205461760916,2.006652994331747,-4.3006691303969005,-18.704715804589345
2002-06-01,-31.175826715159808,1.61772976676053,-3.3645357955271846,-18.32596159853046
2002-06-02,-30.356183877781937,2.3659518922809393,-2.7261283688933315,-16.865666276203466
2002-06-03,-32.482646075801206,1.4077837606974524,-2.8483380913471423,-16.694675847727527
2002-06-04,-32.48771959214315,1.6088320860192853,-4.058761353843474,-17.112755024294113
2002-06-05,-31.96173107541918,0.5475514760569637,-2.862948483203841,-16.280625567886133
2002-06-06,-30.986000425836707,1.2500752784977849,-1.516602323151591,-15.947062826321023
2002-06-07,-30.695682994097254,2.626596882498017,-1.624973121480931,-17.435300814126993
2002-06-08,-29.633538229962888,3.5939909343243808,-1.248940772695633,-17.415764804949056
2002-06-09,-28.649150730731858,2.9006224789646393,-2.0306746798394957,-18.452621118038444
2002-06-10,-29.875694243452166,2.4809890166029582,-1.7676968854346535,-18.658229636423567
2002-06-11,-28.60645737695548,1.0608784312861768,-2.703562251379031,-18.673461940604486
2002-06-12,-27.426580774623588,1.8597521892146274,-3.2752735677343474,-16.909607815468583
2002-06-13,-27.484322334745734,2.823828817797182,-3.323114724378124,-15.325703858496372
2002-06-14,-25.728003256358587,3.5804886922118393,-1.3904917081806574,-15.661919757162565
2002-06-15,-27.220548297518544,3.5800158523444057,-1.596573666651416,-15.23083570192811
2002-06-16,-28.68663853709626,2.435169904400148,-2.8742340949778455,-16.099797032232445
2002-06-17,-29.047298756497018,2.449431256581324,-1.9707392392708873,-18.028665071438226
2002-06-18,-29.20564960982686,2.2750960344650015,-0.5215260130331505,-19.508568957637635
2002-06-19,-29.470295630160276,3.48119753890219,-2.2067895967664946,-18.670570282431328
2002-06-20,-29.751277508714026,3.410855913444231,-3.3229019046261374,-19.244320998541486
2002-06-21,-29.109062743914425,4.417058458362232,-2.9210890620193712,-17.093991510067386
2002-06-22,-30.322191132924946,4.439622245772703,-3.5725717574661195,-17.076245150219133
2002-06-23,-29.837580309065,5.508783452676739,-4.909471979292898,-17.12785069817431
2002-06-24,-30.134800944306658,3.7521012911350162,-4.636142620804187,-14.732256426472002
2002-06-25,-30.233773044495283,2.737258915398832,-4.973671683093985,-14.85344071262553
2002-06-26,-31.73914996375244,4.578421421691274,-5.6145071185932185,-15.556721648794404
2002-06-27,-31.491984953146304,6.0568258953619205,-8.12586256679183,-13.39351034826213
2002-06-28,-33.33879700955159,5.2023414905512535,-6.558003329240779,-13.845249965884998
2002-06-29,-31.991188457570786,5.171060759686446,-6.9866448570287165,-14.325615793778699
2002-06-30,-31.43002808402291,5.451425425722833,-8.115303684158643,-14.73777004938714
2002-07-01,-32.026841234203616,6.390605073325143,-6.98042633548819,-15.429531664191806
2002-07-02,-32.63182940272016,7.12631818493211,-5.389534581426935,-16.19276757988006
2002-07-03,-32.04520893524075,7.483310209474907,-5.081952757551441,-14.590740557641816
2002-07-04,-31.84355821062515,6.006713183659832,-4.945390716119755,-13.676133571019264
2002-07-05,-29.948358034850713,7.602539633664669,-6.140111085433398,-11.175638540097172
2002-07-06,-29.73354657030028,7.383973420040736,-5.178083639689318,-10.647079681654795
2002-07-07,-27.49451974259719,7.104455776551821,-6.298547895266858,-11.540312531039945
2002-07-08,-26.398516118116195,7.122891405043757,-6.121217657884396,-11.207050343223251
2002-07-09,-26.490669339927955,6.156596212068922,-6.583932054257357,-11.246850680444515
2002-07-10,-26.85291982432491,5.875275192217748,-6.890267511152162,-10.446324964704853
2002-07-11,-25.632101871365613,5.901082867300709,-6.210771265825828,-10.729226147911694
2002-07-12,-26.72706376659238,5.417816272857993,-6.358001171778554,-11.591115979251457
2002-07-13,-27.168239559227665,5.829412105882289,-6.616902228333787,-10.264279626788834
2002-07-14,-26.963838394853354,4.181195702652332,-6.697209326741848,-10.149310989670793
2002-07-15,-25.592750339377993,2.3972064508674973,-7.766603690390172,-10.911347015433464
2002-07-16,-26.417241916106907,1.6103174173166104,-7.878045614615362,-9.599480778830388
2002-07-17,-27.01434149364688,0.8053438973228022,-6.192027077733828,-8.11760286711183
2002-07-18,-26.266942000153325,0.4143610194362083,-6.385593845856238,-7.031600099095013
2002-07-19,-25.484892177801463,0.5647495645497446,-7.131665181542148,-9.182624205947352
2002-07-20,-24.544289945484177,0.12688510026440275,-7.998627813332057,-10.304783670933475
2002-07-21,-24.72540920802849,-0.8141882505104541,-6.729550605882443,-10.845500105490864
2002-07-22,-25.521997770901645,-0.3548938163181728,-6.155443267164772,-11.522897440867085
2002-07-23,-26.116918998621905,0.5234230334683121,-6.028824435538435,-12.131453623785571
2002-07-24,-25.736703112042836,-0.9639527367665526,-6.334085339282388,-13.192262954161423
2002-07-25,-25.586127192946638,-1.590542803235268,-6.077736410368865,-12.122834360190218
2002-07-26,-25.770295481784462,0.13500101731519853,-5.466512995963116,-10.497159201947513
2002-07-27,-26.119184177110732,-1.2518875873783246,-6.455197671510726,-10.454697077086662
2002-07-28,-26.985140040302444,-0.5335571349765321,-6.596805434173304,-10.579127148263774
2002-07-29,-26.38813561887529,-0.5971432388514692,-6.597370551079411,-12.42803979507934
2002-07-30,-26.09825562580224,-0.8878680998405046,-7.5719295321695785,-11.642054123439415
2002-07-31,-24.466532438598286,-0.5466492388210167,-8.337036051686564,-11.26784329891001
2002-08-01,-23.97350924504229,0.16170761796880662,-8.978577549911648,-10.942216898376929
2002-08-02,-23.608333072762633,0.0741261314008185,-9.19096440911371,-11.653491040204765
2002-08-03,-23.431102955319027,-0.05594653843133185,-8.680208448312822,-11.63538507993918
2002-08-04,-24.254221849470724,0.42578953522474444,-6.7692655918131575,-9.75176142325527
2002-08-05,-23.630939657657084,1.2089791737112339,-4.920960883614031,-9.189241010457307
2002-08-06,-22.566424350411957,1.6551332383976178,-5.088757106277446,-9.257584005591227
2002-08-07,-23.08591971189277,2.080509571305587,-6.571349090665646,-8.961224147254706
2002-08-08,-23.00114517639321,2.2796316752236327,-7.482058702570062,-8.30696015853686
2002-08-09,-22.525391087623856,1.30746574934792,-8.364588587359194,-8.529684352708514
2002-08-10,-22.21517812824157,2.112054201829995,-8.642397273836385,-8.09054097985628
2002-08-11,-22.553533279866578,2.060879292672406,-7.05800977890528,-9.178844619235417
2002-08-12,-22.07749631497544,1.1332997399679527,-6.237993628436509,-8.949065133959698
2002-08-13,-24.3802960946968,1.1349491882124891,-7.503828286730628,-10.404789662228707
2002-08-14,-24.096544515784775,1.108727189840257,-7.8532268683794415,-10.298745884020132
2002-08-15,-25.724976280686224,2.943413099777486,-7.328899713930889,-11.04497862843674
2002-08-16,-27.00115006057568,2.6523035521877802,-5.592007801919649,-11.854391547641194
2002-08-17,-27.30805182349015,1.48615272557331,-6.0671142034960495,-10.263418962361882
2002-08-18,-26.815200740650027,0.9376727570729216,-4.702063878279458,-10.042888784767111
2002-08-19,-28.239122217786857,-0.11185378554852121,-4.720509045283322,-9.767367217168632
2002-08-20,-28.451292911493905,1.1285963261541592,-5.352949897108582,-9.520324425661691
2002-08-21,-28.232158839009553,1.2316324881151255,-5.067953140165952,-9.206980125351208
2002-08-22,-29.106456671562377,0.8492013812052595,-5.011734318636934,-8.296887617936026
2002-08-23,-28.970509913645966,1.3553775685387688,-5.4139297837108,-8.427323916804813
2002-08-24,-29.9100759629509,-0.5581849250554651,-6.729132386901123,-8.312793516658886
2002-08-25,-30.883567658789552,-0.12014292808262139,-7.087343564988183,-6.774169855987887
2002-08-26,-31.29512795743466,1.4521859544676203,-6.0147356549504565,-7.245649633847093
2002-08-27,-30.62609626014552,1.1506928244983223,-6.7305765864529,-7.7434863960315585
2002-08-28,-31.235340403701397,0.131707452745373,-8.320902780389954,-6.810490781689611
2002-08-29,-31.158402444068656,0.857350860705316,-8.558272112467641,-6.415077813692226
2002-08-30,-32.803836975889475,0.2924910364907626,-9.329741425091845,-8.320060774944746
2002-08-31,-32.9455568350465,-1.474598688277914,-6.7276736759007925,-8.483662922830897
2002-09-01,-32.282536056212045,-3.136498925748775,-5.611502703038518,-8.147042634259302
2002-09-02,-33.380044088358055,-3.6367270977244806,-6.722226939626325,-6.89840393781687
2002-09-03,-35.15696040808686,-2.053172995125758,-6.230569951787709,-7.05978766684101
2002-09-04,-35.67042838812338,-3.64587528628103,-5.454852949514227,-8.785569850419357
2002-09-05,-35.65730731773569,-4.254553466056447,-7.693424517884447,-8.001573716568148
2002-09-06,-35.56179828076761,-3.9039648209630764,-6.179406752985626,-6.7453111757751225
2002-09-07,-35.23410129708759,-3.060575896066673,-6.583065423016208,-6.30542709022448
2002-09-08,-35.00326807884531,-3.090067951440766,-6.6784020534835795,-7.796553382859081
2002-09-09,-33.421124413873166,-1.3488030804501976,-7.430904711086018,-9.448445971692559
2002-09-10,-32.50949694926927,-0.9307098755303622,-7.221473278504996,-9.522506021582501
2002-09-11,-32.10070729159188,-1.3620599280754977,-7.180158890114395,-9.390061826723986
2002-09-12,-30.747789910385336,-0.8823521641058063,-6.757881681704267,-10.11576135980462
2002-09-13,-32.25885580354931,-0.5743192298190949,-6.527626532686018,-10.88072523264759
2002-09-14,-32.5046800864879,-1.0145859723463002,-7.7449392558340175,-11.90511622798513
2002-09-15,-30.264168233084504,-0.636025296303805,-8.967774150493138,-10.944504892827302
2002-09-16,-28.881686741234667,-2.658273860542385,-8.302173880064863,-11.73733200678961
2002-09-17,-29.612865583045995,-2.4515604878053163,-8.0083359887185,-13.062387870068703
2002-09-18,-31.008969722366373,-2.5378142814593057,-6.369251097836029,-11.526753008791058
2002-09-19,-29.85353731001372,-2.330458030993986,-5.295916933988369,-12.19069623464071
2002-09-20,-29.203714124173985,-1.6367697155156156,-4.318666905732119,-12.318749202577909
2002-09-21,-28.113549033157522,-2.890995187865914,-4.06413705144111,-13.599558480810437
2002-09-22,-27.734766133552693,-3.8387124928304583,-4.5823667907251,-12.373734607075829
2002-09-23,-27.872567999174187,-4.479525440865527,-3.3432384939416853,-13.367042968798525
2002-09-24,-28.576177262007075,-5.770653909336584,-3.4642124166742074,-13.28367314894693
2002-09-25,-28.938685700260248,-5.766883133008231,-4.374436503636652,-12.244643306640985
2002-09-26,-27.17576437495541,-5.781911904832526,-4.091738076921004,-11.675252303281459
